,Suburb,Nearest Train Station,Distance(km),Latitude,Longitude,Cluster_Labels_Dist_0,Cluster_Labels_Dist_1,Cluster_Labels_Dist_2,Cluster_Labels_Dist_3,Cluster_Labels_Dist_4
0,"Abbotsford, Victoria",Victoria Park,0.5035139242450352,-37.80027778,145.0,0.0,0.0,0.0,0.5035139242450352,0.0
1,"Aberfeldie, Victoria",Essendon,1.5216405434936713,-37.75111111,144.9,0.0,0.0,0.0,1.5216405434936713,0.0
2,"Aintree, Victoria",Watergardens,9.595216648691995,-37.71666667,144.66666669999998,0.0,0.0,0.0,0.0,9.595216648691995
3,"Airport West, Victoria",Glenroy,4.566173889397911,-37.71722222,144.86777780000003,4.566173889397911,0.0,0.0,0.0,0.0
4,"Albanvale, Victoria",Keilor Plains,3.7786697614525577,-37.73444444,144.7513889,3.7786697614525577,0.0,0.0,0.0,0.0
5,"Albert Park, Victoria",Southern Cross,1.7742287420716385,-37.83416667,144.95,0.0,0.0,0.0,1.7742287420716385,0.0
6,"Albion, Victoria",Ginifer,1.345149040548302,-37.76805556,144.8013889,0.0,0.0,0.0,1.345149040548302,0.0
7,"Alphington, Victoria",Fairfield,1.2666234923090396,-37.76777778,145.0172222,0.0,0.0,0.0,1.2666234923090396,0.0
8,"Altona Meadows, Victoria",Laverton,0.5431504620532897,-37.8675,144.7680556,0.0,0.0,0.0,0.5431504620532897,0.0
9,"Altona North, Victoria",Altona,3.729620275480488,-37.83388889,144.8347222,3.729620275480488,0.0,0.0,0.0,0.0
10,"Altona, Victoria",Westona,0.4100355341612977,-37.86666667,144.81777780000002,0.0,0.0,0.0,0.4100355341612977,0.0
11,"Ardeer, Victoria",Albion,2.253203713295259,-37.78333333,144.8,2.253203713295259,0.0,0.0,0.0,0.0
12,"Armadale, Victoria",Toorak,0.27529686861159036,-37.85055556,145.0169444,0.0,0.0,0.0,0.27529686861159036,0.0
13,"Ascot Vale, Victoria",Moonee Ponds,0.3261365786459925,-37.76777778,144.91666669999998,0.0,0.0,0.0,0.3261365786459925,0.0
14,"Ashburton, Victoria",Alamein,0.33086221384859954,-37.86694444,145.0830556,0.0,0.0,0.0,0.33086221384859954,0.0
15,"Ashwood, Victoria",Holmesglen,1.1420502137896003,-37.86666667,145.10027780000001,0.0,0.0,0.0,1.1420502137896003,0.0
16,"Aspendale Gardens, Victoria",Aspendale,1.7028049653875028,-38.01722222,145.1166667,0.0,0.0,0.0,1.7028049653875028,0.0
17,"Aspendale, Victoria",Aspendale,1.0908764686091539,-38.0175,145.10027780000001,0.0,0.0,0.0,1.0908764686091539,0.0
18,"Attwood, Victoria",Coolaroo,3.8619739514281735,-37.65138889,144.8836111,3.8619739514281735,0.0,0.0,0.0,0.0
19,"Avondale Heights, Victoria",Ginifer,3.695864522078608,-37.75111111,144.8511111,3.695864522078608,0.0,0.0,0.0,0.0
20,"Balaclava, Victoria",Balaclava,0.8417337292175399,-37.86722222,144.9841667,0.0,0.0,0.0,0.8417337292175399,0.0
21,Balwyn North,Eaglemont,3.6391840317466917,-37.78416667,145.0863889,3.6391840317466917,0.0,0.0,0.0,0.0
22,"Balwyn, Victoria",Canterbury,2.634609090218544,-37.80083333,145.0788889,2.634609090218544,0.0,0.0,0.0,0.0
23,"Bayswater North, Victoria",Ringwood East,1.702127384936922,-37.8175,145.2677778,0.0,0.0,0.0,1.702127384936922,0.0
24,"Bayswater, Victoria",Bayswater,0.8428339770887845,-37.83416667,145.2666667,0.0,0.0,0.0,0.8428339770887845,0.0
25,"Beaconsfield, Victoria",Beaconsfield,1.7929621840958403,-38.03472222,145.36694440000002,0.0,0.0,0.0,1.7929621840958403,0.0
26,"Beaumaris, Victoria",Southland,1.6637794954823064,-37.96805556,145.0341667,0.0,0.0,0.0,1.6637794954823064,0.0
27,"Belgrave Heights, Victoria",Tecoma,1.2983179386817307,-37.91722222,145.3338889,0.0,0.0,0.0,1.2983179386817307,0.0
28,"Belgrave South, Victoria",Belgrave,2.7800210523120983,-37.93388889,145.35055559999998,2.7800210523120983,0.0,0.0,0.0,0.0
29,"Belgrave, Victoria",Belgrave,0.9869125017510236,-37.90111111,145.35055559999998,0.0,0.0,0.0,0.9869125017510236,0.0
30,"Bellfield, Victoria",Eaglemont,2.2831412183751847,-37.75027778,145.0344444,2.2831412183751847,0.0,0.0,0.0,0.0
31,"Bentleigh East, Victoria",McKinnon,2.5937625898321612,-37.91694444,145.06666669999998,2.5937625898321612,0.0,0.0,0.0,0.0
32,"Bentleigh, Victoria",Bentleigh,0.2988610550573359,-37.91694444,145.0336111,0.0,0.0,0.0,0.2988610550573359,0.0
33,"Berwick, Victoria",Berwick,2.589349001601494,-38.01805556,145.3341667,2.589349001601494,0.0,0.0,0.0,0.0
34,"Bittern, Victoria",Bittern,0.9924705149151194,-38.33388889,145.1675,0.0,0.0,0.0,0.9924705149151194,0.0
35,"Black Rock, Victoria",Sandringham,2.1530296733644456,-37.96694444,145.0169444,2.1530296733644456,0.0,0.0,0.0,0.0
36,"Blackburn North, Victoria",Blackburn,2.131239475364096,-37.80083333,145.15,2.131239475364096,0.0,0.0,0.0,0.0
37,"Blackburn South, Victoria",Laburnum,1.536744650811031,-37.83361111,145.13416669999998,0.0,0.0,0.0,1.536744650811031,0.0
38,"Blackburn, Victoria",Blackburn,0.27798770931025396,-37.8175,145.15,0.0,0.0,0.0,0.27798770931025396,0.0
39,"Blairgowrie, Victoria",Bittern,35.90922107762088,-38.35083333,144.7666667,0.0,35.90922107762088,0.0,0.0,0.0
40,"Bonbeach, Victoria",Chelsea,0.1343541242312135,-38.05111111,145.11694440000002,0.0,0.0,0.0,0.1343541242312135,0.0
41,"Bonnie Brook, Victoria",Diggers Rest,7.9179785044687625,-37.68444444,144.6669444,0.0,0.0,0.0,0.0,7.9179785044687625
42,"Boronia, Victoria",Boronia,1.052721393651083,-37.85111111,145.2836111,0.0,0.0,0.0,1.052721393651083,0.0
43,"Box Hill North, Victoria",Box Hill,2.10597436822744,-37.80055556,145.11694440000002,2.10597436822744,0.0,0.0,0.0,0.0
44,"Box Hill South, Victoria",Box Hill,1.647315421973109,-37.83361111,145.1172222,0.0,0.0,0.0,1.647315421973109,0.0
45,"Box Hill, Victoria",Box Hill,0.4216028523636103,-37.81694444,145.1175,0.0,0.0,0.0,0.4216028523636103,0.0
46,"Braeside, Victoria",Mordialloc,2.73109813653271,-38.0,145.1175,2.73109813653271,0.0,0.0,0.0,0.0
47,"Braybrook, Victoria",Sunshine,1.6618757016792627,-37.78361111,144.85055559999998,0.0,0.0,0.0,1.6618757016792627,0.0
48,"Briar Hill, Victoria",Greensborough,0.6938170851008693,-37.70055556,145.1013889,0.0,0.0,0.0,0.6938170851008693,0.0
49,"Brighton East, Victoria",North Brighton,0.38325596401159717,-37.90138889,145.0013889,0.0,0.0,0.0,0.38325596401159717,0.0
50,"Brighton, Victoria",North Brighton,1.6594811090866994,-37.90027778,144.9844444,0.0,0.0,0.0,1.6594811090866994,0.0
51,"Broadmeadows, Victoria",Broadmeadows,0.2050812596038193,-37.68333333,144.9175,0.0,0.0,0.0,0.2050812596038193,0.0
52,"Brookfield, Victoria",Diggers Rest,18.390140343879228,-37.6675,144.5175,0.0,0.0,18.390140343879228,0.0,0.0
53,"Brooklyn, Victoria",Sunshine,1.4568341212117915,-37.80111111,144.8338889,0.0,0.0,0.0,1.4568341212117915,0.0
54,"Brunswick East, Victoria",Brunswick,0.6599699700417434,-37.7675,144.96722219999998,0.0,0.0,0.0,0.6599699700417434,0.0
55,"Brunswick West, Victoria",Strathmore,1.0193530864495643,-37.75111111,144.9341667,0.0,0.0,0.0,1.0193530864495643,0.0
56,"Brunswick, Victoria",Brunswick,0.7669374902575448,-37.76666667,144.9511111,0.0,0.0,0.0,0.7669374902575448,0.0
57,"Bundoora, Victoria",Thomastown,3.3082013569898767,-37.68444444,145.0513889,3.3082013569898767,0.0,0.0,0.0,0.0
58,"Burnley, Victoria",West Richmond,0.8981230676373293,-37.8175,145.0011111,0.0,0.0,0.0,0.8981230676373293,0.0
59,"Burnside Heights, Victoria",Watergardens,2.747375075109106,-37.7175,144.7508333,2.747375075109106,0.0,0.0,0.0,0.0
60,"Burnside, Victoria",St Albans,4.395470897546998,-37.75027778,144.75027780000002,4.395470897546998,0.0,0.0,0.0,0.0
61,"Burwood East, Victoria",Syndal,2.9347199753298976,-37.85,145.15,2.9347199753298976,0.0,0.0,0.0,0.0
62,"Burwood, Victoria",Burwood,1.838549607679859,-37.85,145.1013889,0.0,0.0,0.0,1.838549607679859,0.0
63,"Cairnlea, Victoria",St Albans,1.5931624579701509,-37.75055556,144.7833333,0.0,0.0,0.0,1.5931624579701509,0.0
64,"Calder Park, Victoria",Watergardens,4.186625896942651,-37.66777778,144.7511111,4.186625896942651,0.0,0.0,0.0,0.0
65,"Camberwell, Victoria",Riversdale,0.3259791534700892,-37.83333333,145.0669444,0.0,0.0,0.0,0.3259791534700892,0.0
66,"Campbellfield, Victoria",Upfield,0.36391725204869496,-37.66722222,144.95055559999997,0.0,0.0,0.0,0.36391725204869496,0.0
67,"Canterbury, Victoria",East Camberwell,0.9279095824357507,-37.8175,145.06777780000002,0.0,0.0,0.0,0.9279095824357507,0.0
68,"Capel Sound, Victoria",Bittern,27.33706920005818,-38.3675,144.86694440000002,0.0,27.33706920005818,0.0,0.0,0.0
69,"Carlton North, Victoria",Jewell,1.1661313851128436,-37.78333333,144.9666667,0.0,0.0,0.0,1.1661313851128436,0.0
70,"Carlton, Victoria",Melbourne Central,1.1632575629335413,-37.8,144.9666667,0.0,0.0,0.0,1.1632575629335413,0.0
71,"Carnegie, Victoria",Carnegie,0.7270722053544082,-37.88361111,145.0511111,0.0,0.0,0.0,0.7270722053544082,0.0
72,"Caroline Springs, Victoria",Watergardens,5.1329325085934565,-37.73444444,144.7338889,0.0,0.0,0.0,0.0,5.1329325085934565
73,"Carrum Downs, Victoria",Seaford,4.093665865684851,-38.08444444,145.1677778,4.093665865684851,0.0,0.0,0.0,0.0
74,"Carrum, Victoria",Carrum,0.9533867980052451,-38.0675,145.11694440000002,0.0,0.0,0.0,0.9533867980052451,0.0
75,"Caulfield East, Victoria",Malvern,0.47948609912725254,-37.8675,145.0341667,0.0,0.0,0.0,0.47948609912725254,0.0
76,"Caulfield North, Victoria",Malvern,1.004022594290445,-37.86722222,145.0175,0.0,0.0,0.0,1.004022594290445,0.0
77,"Caulfield South, Victoria",Elsternwick,1.4656151523486207,-37.88388889,145.0175,0.0,0.0,0.0,1.4656151523486207,0.0
78,"Caulfield, Victoria",Elsternwick,1.4708190499503786,-37.88333333,145.0175,0.0,0.0,0.0,1.4708190499503786,0.0
79,"Chadstone, Victoria",Alamein,0.3913577834167591,-37.86805556,145.0841667,0.0,0.0,0.0,0.3913577834167591,0.0
80,"Chelsea Heights, Victoria",Edithvale,2.226004102169785,-38.03444444,145.1336111,2.226004102169785,0.0,0.0,0.0,0.0
81,"Chelsea, Victoria",Chelsea,0.23709220818527948,-38.05,145.11694440000002,0.0,0.0,0.0,0.23709220818527948,0.0
82,"Cheltenham, Victoria",Cheltenham,1.047539061833159,-37.96666667,145.06666669999998,0.0,0.0,0.0,1.047539061833159,0.0
83,"Chirnside Park, Victoria",Lilydale,2.702021211482491,-37.75027778,145.3175,2.702021211482491,0.0,0.0,0.0,0.0
84,"Clarinda, Victoria",Clayton,2.023616631722549,-37.93388889,145.10027780000001,2.023616631722549,0.0,0.0,0.0,0.0
85,"Clayton South, Victoria",Clayton,1.1383279732443614,-37.93444444,145.1172222,0.0,0.0,0.0,1.1383279732443614,0.0
86,"Clayton, Victoria",Huntingdale,1.7220210291213485,-37.90138889,145.11777780000003,0.0,0.0,0.0,1.7220210291213485,0.0
87,"Clifton Hill, Victoria",Rushall,0.6376961412284144,-37.78388889,144.9847222,0.0,0.0,0.0,0.6376961412284144,0.0
88,Cobblebank,Diggers Rest,13.343154366963546,-37.70111111,144.6008333,0.0,0.0,13.343154366963546,0.0,0.0
89,"Coburg North, Victoria",Fawkner,0.9092504005390166,-37.7175,144.9508333,0.0,0.0,0.0,0.9092504005390166,0.0
90,"Coburg, Victoria",Batman,1.0034405025952833,-37.73416667,144.95138889999998,0.0,0.0,0.0,1.0034405025952833,0.0
91,"Collingwood, Victoria",Victoria Park,0.9563374378124069,-37.8,144.9836111,0.0,0.0,0.0,0.9563374378124069,0.0
92,"Coolaroo, Victoria",Coolaroo,1.2951945373146398,-37.65055556,144.9175,0.0,0.0,0.0,1.2951945373146398,0.0
93,"Craigieburn, Victoria",Craigieburn,2.2397392928893622,-37.58416667,144.93333330000002,2.2397392928893622,0.0,0.0,0.0,0.0
94,"Cranbourne East, Victoria",Cranbourne,1.7017341587361146,-38.10027778,145.3005556,0.0,0.0,0.0,1.7017341587361146,0.0
95,"Cranbourne North, Victoria",Merinda Park,2.255634192351916,-38.06694444,145.2838889,2.255634192351916,0.0,0.0,0.0,0.0
96,"Cranbourne West, Victoria",Cranbourne,1.264308675848193,-38.10027778,145.2666667,0.0,0.0,0.0,1.264308675848193,0.0
97,"Cranbourne, Victoria",Cranbourne,1.1671153737452857,-38.10027778,145.2677778,0.0,0.0,0.0,1.1671153737452857,0.0
98,"Cremorne, Victoria",Jolimont,0.19681492998867817,-37.81777778,144.9841667,0.0,0.0,0.0,0.19681492998867817,0.0
99,"Crib Point, Victoria",Morradoo,0.9938817487725768,-38.35111111,145.2,0.0,0.0,0.0,0.9938817487725768,0.0
100,"Croydon Hills, Victoria",Croydon,4.013817391714557,-37.7675,145.2513889,4.013817391714557,0.0,0.0,0.0,0.0
101,"Croydon North, Victoria",Croydon,3.1927274494909437,-37.76666667,145.2836111,3.1927274494909437,0.0,0.0,0.0,0.0
102,"Croydon South, Victoria",Croydon,1.3754938645479051,-37.80138889,145.2669444,0.0,0.0,0.0,1.3754938645479051,0.0
103,"Croydon, Victoria",Croydon,1.630216972308858,-37.78444444,145.2680556,0.0,0.0,0.0,1.630216972308858,0.0
104,"Dallas, Victoria",Coolaroo,1.0090810651203046,-37.66666667,144.9338889,0.0,0.0,0.0,1.0090810651203046,0.0
105,"Dandenong North, Victoria",Noble Park,2.7603142654703023,-37.95083333,145.20055559999997,2.7603142654703023,0.0,0.0,0.0,0.0
106,"Dandenong South, Victoria",Dandenong,3.2039467485171627,-38.01805556,145.20138889999998,3.2039467485171627,0.0,0.0,0.0,0.0
107,"Dandenong, Victoria",Yarraman,1.415901489109177,-37.96805556,145.20138889999998,0.0,0.0,0.0,1.415901489109177,0.0
108,"Deanside, Victoria",Watergardens,6.729294855747062,-37.71805556,144.70055559999997,0.0,0.0,0.0,0.0,6.729294855747062
109,"Deepdene, Victoria",East Camberwell,2.749422825345775,-37.80111111,145.06777780000002,2.749422825345775,0.0,0.0,0.0,0.0
110,"Deer Park, Victoria",St Albans,2.9994042214079664,-37.75111111,144.7666667,2.9994042214079664,0.0,0.0,0.0,0.0
111,"Delahey, Victoria",Watergardens,1.8481209614423884,-37.71666667,144.7675,0.0,0.0,0.0,1.8481209614423884,0.0
112,"Derrimut, Victoria",Ginifer,5.9287215454231035,-37.78444444,144.7513889,0.0,0.0,0.0,0.0,5.9287215454231035
113,"Diamond Creek, Victoria",Diamond Creek,1.0211037669748084,-37.66694444,145.15027780000003,0.0,0.0,0.0,1.0211037669748084,0.0
114,"Diggers Rest, Victoria",Diggers Rest,1.0542154164450832,-37.61777778,144.71694440000002,0.0,0.0,0.0,1.0542154164450832,0.0
115,"Dingley Village, Victoria",Springvale,3.7213676370301614,-37.96805556,145.11777780000003,3.7213676370301614,0.0,0.0,0.0,0.0
116,"Docklands, Victoria",North Melbourne,1.2841619613578326,-37.81666667,144.93444440000002,0.0,0.0,0.0,1.2841619613578326,0.0
117,"Doncaster East, Victoria",Blackburn,5.777255508658061,-37.76805556,145.1513889,0.0,0.0,0.0,0.0,5.777255508658061
118,"Doncaster, Victoria",Heidelberg,5.0939818708928835,-37.76777778,145.1172222,0.0,0.0,0.0,0.0,5.0939818708928835
119,"Donvale, Victoria",Nunawading,4.075020538040529,-37.78444444,145.1675,4.075020538040529,0.0,0.0,0.0,0.0
120,"Doreen, Victoria",Mernda,2.9136272772750647,-37.60027778,145.1344444,2.9136272772750647,0.0,0.0,0.0,0.0
121,"Doveton, Victoria",Dandenong,2.233906684724619,-37.98361111,145.2338889,2.233906684724619,0.0,0.0,0.0,0.0
122,"Dromana, Victoria",Bittern,19.774087109842885,-38.33361111,144.95138889999998,0.0,0.0,19.774087109842885,0.0,0.0
123,"Eaglemont, Victoria",Heidelberg,1.0729299169169073,-37.75111111,145.0513889,0.0,0.0,0.0,1.0729299169169073,0.0
124,"East Melbourne, Victoria",Collingwood,0.9760992878065198,-37.80111111,144.9833333,0.0,0.0,0.0,0.9760992878065198,0.0
125,"Edithvale, Victoria",Aspendale,0.7141526534379699,-38.03361111,145.1011111,0.0,0.0,0.0,0.7141526534379699,0.0
126,"Elsternwick, Victoria",Elsternwick,0.12593155836375058,-37.88361111,145.00055559999998,0.0,0.0,0.0,0.12593155836375058,0.0
127,"Eltham North, Victoria",Diamond Creek,2.4963045922008495,-37.68472222,145.13416669999998,2.4963045922008495,0.0,0.0,0.0,0.0
128,"Eltham, Victoria",Eltham,1.4112563822226887,-37.70138889,145.1505556,0.0,0.0,0.0,1.4112563822226887,0.0
129,"Elwood, Victoria",Ripponlea,1.3017773401585166,-37.88333333,144.9836111,0.0,0.0,0.0,1.3017773401585166,0.0
130,"Emerald, Victoria",Belgrave,6.942590503842182,-37.91805556,145.4336111,0.0,0.0,0.0,0.0,6.942590503842182
131,"Endeavour Hills, Victoria",Dandenong,4.420510670361978,-37.96666667,145.25055559999998,4.420510670361978,0.0,0.0,0.0,0.0
132,"Epping, Victoria",Epping,3.244065557522409,-37.63361111,145.0008333,3.244065557522409,0.0,0.0,0.0,0.0
133,"Essendon Fields, Victoria",Oak Park,1.9057797165583077,-37.71777778,144.9,0.0,0.0,0.0,1.9057797165583077,0.0
134,"Essendon North, Victoria",Pascoe Vale,1.0576300638394929,-37.73333333,144.9169444,0.0,0.0,0.0,1.0576300638394929,0.0
135,"Essendon West, Victoria",Essendon,4.274398076258673,-37.75027778,144.8680556,4.274398076258673,0.0,0.0,0.0,0.0
136,"Essendon, Victoria",Glenbervie,2.222476096603965,-37.73472222,144.9011111,2.222476096603965,0.0,0.0,0.0,0.0
137,"Eumemmerring, Victoria",Dandenong,2.244677207213619,-37.98472222,145.2344444,2.244677207213619,0.0,0.0,0.0,0.0
138,"Eynesbury, Victoria",Werribee,16.623515053913827,-37.76888889,144.5688889,0.0,0.0,16.623515053913827,0.0,0.0
139,"Fairfield, Victoria",Westgarth,0.4081448563579564,-37.78416667,145.0011111,0.0,0.0,0.0,0.4081448563579564,0.0
140,"Fawkner, Victoria",Gowrie,0.6849834376880047,-37.70055556,144.9666667,0.0,0.0,0.0,0.6849834376880047,0.0
141,"Ferntree Gully, Victoria",Ferntree Gully,2.398862624576783,-37.88361111,145.2680556,2.398862624576783,0.0,0.0,0.0,0.0
142,"Fieldstone, Victoria",Watergardens,13.405205113988186,-37.75,144.63472219999997,0.0,0.0,13.405205113988186,0.0,0.0
143,"Fitzroy North, Victoria",Rushall,0.7323440906069801,-37.78333333,144.9836111,0.0,0.0,0.0,0.7323440906069801,0.0
144,"Fitzroy, Victoria",Melbourne Central,1.1955754610360705,-37.8,144.96777780000002,0.0,0.0,0.0,1.1955754610360705,0.0
145,"Flemington, Victoria",Showgrounds,0.24411632437188438,-37.78333333,144.9177778,0.0,0.0,0.0,0.24411632437188438,0.0
146,"Footscray, Victoria",West Footscray,1.8847715043225266,-37.78472222,144.88472219999997,0.0,0.0,0.0,1.8847715043225266,0.0
147,"Forest Hill, Victoria",Nunawading,1.788840109298896,-37.83416667,145.1669444,0.0,0.0,0.0,1.788840109298896,0.0
148,"Frankston North, Victoria",Kananook,1.4021800233438515,-38.11722222,145.15027780000003,0.0,0.0,0.0,1.4021800233438515,0.0
149,"Frankston South, Victoria",Baxter,1.4779960489134563,-38.18361111,145.15027780000003,0.0,0.0,0.0,1.4779960489134563,0.0
150,"Frankston, Victoria",Frankston,1.360496224694697,-38.13333333,145.1166667,0.0,0.0,0.0,1.360496224694697,0.0
151,"Fraser Rise, Victoria",Watergardens,6.403251863791808,-37.70027778,144.7011111,0.0,0.0,0.0,0.0,6.403251863791808
152,"Garden City, Victoria",Spotswood,1.36045424451772,-37.83361111,144.90083330000002,0.0,0.0,0.0,1.36045424451772,0.0
153,"Gardenvale, Victoria",Elsternwick,0.024374010995086383,-37.88472222,145.00055559999998,0.0,0.0,0.0,0.024374010995086383,0.0
154,"Gladstone Park, Victoria",Jacana,3.0607146478621687,-37.68361111,144.88416669999998,3.0607146478621687,0.0,0.0,0.0,0.0
155,"Glen Huntly, Victoria",Glenhuntly,0.9416069972046707,-37.88416667,145.0344444,0.0,0.0,0.0,0.9416069972046707,0.0
156,"Glen Iris, Victoria",Gardiner,0.3174229607849651,-37.85055556,145.05083330000002,0.0,0.0,0.0,0.3174229607849651,0.0
157,"Glen Waverley, Victoria",Syndal,0.9726054024069986,-37.86777778,145.1513889,0.0,0.0,0.0,0.9726054024069986,0.0
158,"Glenroy, Victoria",Glenroy,0.4633123546540451,-37.70055556,144.91722219999997,0.0,0.0,0.0,0.4633123546540451,0.0
159,"Gowanbrae, Victoria",Jacana,2.7931476108127344,-37.7,144.88472219999997,2.7931476108127344,0.0,0.0,0.0,0.0
160,"Grangefields, Victoria",Diggers Rest,11.149759617163042,-37.70027778,144.6336111,0.0,0.0,0.0,0.0,11.149759617163042
161,"Greensborough, Victoria",Greensborough,2.378685444940529,-37.68361111,145.1166667,2.378685444940529,0.0,0.0,0.0,0.0
162,"Greenvale, Victoria",Roxburgh Park,6.334807612239881,-37.61805556,144.8680556,0.0,0.0,0.0,0.0,6.334807612239881
163,"Hallam, Victoria",Hallam,1.9105163580709015,-38.00083333,145.2666667,0.0,0.0,0.0,1.9105163580709015,0.0
164,"Hampton East, Victoria",Hampton,1.542943907924365,-37.93388889,145.0180556,0.0,0.0,0.0,1.542943907924365,0.0
165,"Hampton Park, Victoria",Hallam,1.7033688418941857,-38.01777778,145.2508333,0.0,0.0,0.0,1.7033688418941857,0.0
166,"Hampton, Victoria",Hampton,0.5273438472708617,-37.93361111,145.0008333,0.0,0.0,0.0,0.5273438472708617,0.0
167,"Harkness, Victoria",Diggers Rest,16.543441241878586,-37.65027778,144.5344444,0.0,0.0,16.543441241878586,0.0,0.0
168,"Hastings, Victoria",Hastings,0.5888199332290397,-38.30055556,145.1838889,0.0,0.0,0.0,0.5888199332290397,0.0
169,"Hawthorn East, Victoria",Auburn,0.6007634412008627,-37.81805556,145.05,0.0,0.0,0.0,0.6007634412008627,0.0
170,"Hawthorn, Victoria",Glenferrie,0.5480771397072702,-37.8175,145.0333333,0.0,0.0,0.0,0.5480771397072702,0.0
171,"Heatherton, Victoria",Cheltenham,3.137208309394942,-37.95,145.08333330000002,3.137208309394942,0.0,0.0,0.0,0.0
172,"Heathmont, Victoria",Ringwood,0.5115489693341936,-37.81777778,145.2341667,0.0,0.0,0.0,0.5115489693341936,0.0
173,"Heidelberg Heights, Victoria",Rosanna,1.6897673598536307,-37.73416667,145.0502778,0.0,0.0,0.0,1.6897673598536307,0.0
174,"Heidelberg West, Victoria",Regent,2.8594013459300993,-37.73416667,145.0344444,2.8594013459300993,0.0,0.0,0.0,0.0
175,"Heidelberg, Victoria",Rosanna,0.80641086265126,-37.75,145.0669444,0.0,0.0,0.0,0.80641086265126,0.0
176,"Hillside, Victoria",Watergardens,3.9853820531045487,-37.68361111,144.7341667,3.9853820531045487,0.0,0.0,0.0,0.0
177,HMAS Cerberus (naval base),Morradoo,1.501127974314924,-38.36666667,145.1836111,0.0,0.0,0.0,1.501127974314924,0.0
178,"Hoppers Crossing, Victoria",Hoppers Crossing,2.376223875859326,-37.86666667,144.6841667,2.376223875859326,0.0,0.0,0.0,0.0
179,"Hughesdale, Victoria",Hughesdale,1.2679952846035336,-37.88416667,145.08333330000002,0.0,0.0,0.0,1.2679952846035336,0.0
180,"Huntingdale, Victoria",Oakleigh,0.3655871109288356,-37.90055556,145.0841667,0.0,0.0,0.0,0.3655871109288356,0.0
181,"Hurstbridge, Victoria",Hurstbridge,0.9019246070366895,-37.63388889,145.18444440000002,0.0,0.0,0.0,0.9019246070366895,0.0
182,"Ivanhoe East, Victoria",Eaglemont,0.4046365589530123,-37.76694444,145.0513889,0.0,0.0,0.0,0.4046365589530123,0.0
183,"Ivanhoe, Victoria",Darebin,0.9677174584244228,-37.76694444,145.0344444,0.0,0.0,0.0,0.9677174584244228,0.0
184,"Jacana, Victoria",Broadmeadows,2.3377073151539385,-37.66777778,144.9011111,2.3377073151539385,0.0,0.0,0.0,0.0
185,"Junction Village, Victoria",Cranbourne,2.0254106768438382,-38.11805556,145.2841667,2.0254106768438382,0.0,0.0,0.0,0.0
186,"Kealba, Victoria",St Albans,1.974437009390623,-37.73388889,144.81777780000002,0.0,0.0,0.0,1.974437009390623,0.0
187,"Keilor Downs, Victoria",Keilor Plains,1.499228589400098,-37.71694444,144.8002778,0.0,0.0,0.0,1.499228589400098,0.0
188,"Keilor East, Victoria",Ginifer,4.485777774519689,-37.73416667,144.8511111,4.485777774519689,0.0,0.0,0.0,0.0
189,"Keilor Lodge, Victoria",Watergardens,2.051523497536953,-37.68416667,144.7838889,2.051523497536953,0.0,0.0,0.0,0.0
190,"Keilor North, Victoria",Watergardens,3.7684038439277234,-37.66777778,144.7833333,3.7684038439277234,0.0,0.0,0.0,0.0
191,"Keilor Park, Victoria",Keilor Plains,5.1355861194713786,-37.71666667,144.85,0.0,0.0,0.0,0.0,5.1355861194713786
192,"Keilor, Victoria",Keilor Plains,3.8006116771217195,-37.70111111,144.81805559999998,3.8006116771217195,0.0,0.0,0.0,0.0
193,"Kensington, Victoria",Showgrounds,0.27554280456043573,-37.78388889,144.91805559999997,0.0,0.0,0.0,0.27554280456043573,0.0
194,"Kew East, Victoria",Darebin,1.9232600315787314,-37.78444444,145.05694440000002,0.0,0.0,0.0,1.9232600315787314,0.0
195,"Kew, Victoria",Glenferrie,2.3794655466817747,-37.80027778,145.0358333,2.3794655466817747,0.0,0.0,0.0,0.0
196,"Keysborough, Victoria",Noble Park,2.032874676571092,-37.98388889,145.1669444,2.032874676571092,0.0,0.0,0.0,0.0
197,"Kilsyth South, Victoria",Mooroolbark,3.696299156840247,-37.81777778,145.3169444,3.696299156840247,0.0,0.0,0.0,0.0
198,"Kilsyth, Victoria",Croydon,1.9043275443182435,-37.8,145.3013889,0.0,0.0,0.0,1.9043275443182435,0.0
199,"Kings Park, Victoria",Keilor Plains,2.4087100744102927,-37.73333333,144.7669444,2.4087100744102927,0.0,0.0,0.0,0.0
200,"Kingsbury, Victoria",Keon Park,2.045347263273124,-37.70138889,145.0333333,2.045347263273124,0.0,0.0,0.0,0.0
201,"Kingsville, Victoria",Tottenham,0.4322419028694656,-37.80083333,144.86777780000003,0.0,0.0,0.0,0.4322419028694656,0.0
202,"Knoxfield, Victoria",Boronia,5.077360340777067,-37.88388889,145.2347222,0.0,0.0,0.0,0.0,5.077360340777067
203,"Kooyong, Victoria",Kooyong,0.6649455662365964,-37.83416667,145.035,0.0,0.0,0.0,0.6649455662365964,0.0
204,Kurunjang,Diggers Rest,12.828304364751414,-37.66694444,144.58333330000002,0.0,0.0,12.828304364751414,0.0,0.0
205,"Lalor, Victoria",Lalor,0.0958353647826532,-37.66666667,145.0169444,0.0,0.0,0.0,0.0958353647826532,0.0
206,"Langwarrin, Victoria",Leawarra,2.511148683834455,-38.15,145.16805559999997,2.511148683834455,0.0,0.0,0.0,0.0
207,"Laverton North, Victoria",Laverton,5.219336944388627,-37.81777778,144.7833333,0.0,0.0,0.0,0.0,5.219336944388627
208,"Laverton, Victoria",Laverton,1.546220442944981,-37.85055556,144.7672222,0.0,0.0,0.0,1.546220442944981,0.0
209,"Lilydale, Victoria",Lilydale,0.5978436571961148,-37.75055556,145.35,0.0,0.0,0.0,0.5978436571961148,0.0
210,"Lower Plenty, Victoria",Montmorency,2.6692664823289523,-37.73333333,145.1013889,2.6692664823289523,0.0,0.0,0.0,0.0
211,"Lynbrook, Victoria",Lynbrook,0.8662175532078008,-38.05,145.25,0.0,0.0,0.0,0.8662175532078008,0.0
212,"Lyndhurst, Victoria",Lynbrook,2.880574081546444,-38.03472222,145.2344444,2.880574081546444,0.0,0.0,0.0,0.0
213,"Lysterfield, Victoria",Upper Ferntree Gully,2.8566953137995017,-37.91777778,145.3,2.8566953137995017,0.0,0.0,0.0,0.0
214,"McCrae, Victoria",Bittern,22.815985864572205,-38.35,144.9169444,0.0,0.0,22.815985864572205,0.0,0.0
215,"McKinnon, Victoria",Ormond,0.5611393371672562,-37.90083333,145.0338889,0.0,0.0,0.0,0.5611393371672562,0.0
216,"Macleod, Victoria",Watsonia,3.056669218248377,-37.70138889,145.0513889,3.056669218248377,0.0,0.0,0.0,0.0
217,"Maidstone, Victoria",Tottenham,3.4813816806327353,-37.76805556,144.86777780000003,3.4813816806327353,0.0,0.0,0.0,0.0
218,"Malvern East, Victoria",Darling,1.0557406055074332,-37.86777778,145.05083330000002,0.0,0.0,0.0,1.0557406055074332,0.0
219,"Malvern, Victoria",Tooronga,0.7180034882172049,-37.85055556,145.0336111,0.0,0.0,0.0,0.7180034882172049,0.0
220,"Manor Lakes, Victoria",Werribee,8.918147477553976,-37.86722222,144.56805559999998,0.0,0.0,0.0,0.0,8.918147477553976
221,"Maribyrnong, Victoria",Flemington Racecourse,3.0458023626860835,-37.76694444,144.88416669999998,3.0458023626860835,0.0,0.0,0.0,0.0
222,"Meadow Heights, Victoria",Coolaroo,1.3739171327205522,-37.65,144.9169444,0.0,0.0,0.0,1.3739171327205522,0.0
223,"Melbourne Airport, Victoria",Watergardens,5.615960985846857,-37.68361111,144.8338889,0.0,0.0,0.0,0.0,5.615960985846857
224,"Melton, Victoria",Diggers Rest,13.567073035229551,-37.68333333,144.58333330000002,0.0,0.0,13.567073035229551,0.0,0.0
225,"Melton South, Victoria",Diggers Rest,15.74801263150916,-37.70027778,144.5669444,0.0,0.0,15.74801263150916,0.0,0.0
226,"Melton West, Victoria",Diggers Rest,15.608454168371894,-37.6675,144.5502778,0.0,0.0,15.608454168371894,0.0,0.0
227,"Melton, Victoria (suburb)",Diggers Rest,11.39740319297269,-37.6675,144.6011111,0.0,0.0,11.39740319297269,0.0,0.0
228,"Mentone, Victoria",Mentone,0.19664463231153614,-37.98333333,145.06666669999998,0.0,0.0,0.0,0.19664463231153614,0.0
229,Mernda,Mernda,1.5250894912897404,-37.60083333,145.0841667,0.0,0.0,0.0,1.5250894912897404,0.0
230,"Middle Park, Victoria",Prahran,3.4150887844154934,-37.85,144.9511111,3.4150887844154934,0.0,0.0,0.0,0.0
231,"Mill Park, Victoria",South Morang,2.447276991865974,-37.66694444,145.0511111,2.447276991865974,0.0,0.0,0.0,0.0
232,"Mitcham, Victoria",Mitcham,0.6766685630936232,-37.81666667,145.18444440000002,0.0,0.0,0.0,0.6766685630936232,0.0
233,"Monbulk, Victoria",Belgrave,6.112144020480155,-37.86777778,145.4011111,0.0,0.0,0.0,0.0,6.112144020480155
234,"Mont Albert North, Victoria",Box Hill,2.171817366587681,-37.80055556,145.1138889,2.171817366587681,0.0,0.0,0.0,0.0
235,"Mont Albert, Victoria",Mont Albert,2.045301426634066,-37.80138889,145.11,2.045301426634066,0.0,0.0,0.0,0.0
236,"Montmorency, Victoria",Montmorency,0.37531841059130916,-37.71666667,145.1175,0.0,0.0,0.0,0.37531841059130916,0.0
237,"Montrose, Victoria",Mooroolbark,2.614199179509368,-37.80083333,145.3341667,2.614199179509368,0.0,0.0,0.0,0.0
238,"Moonee Ponds, Victoria",Essendon,0.5301737006043995,-37.75138889,144.9169444,0.0,0.0,0.0,0.5301737006043995,0.0
239,Moorabbin Airport,Mentone,3.441319579516032,-37.9675,145.1,3.441319579516032,0.0,0.0,0.0,0.0
240,"Moorabbin, Victoria",Moorabbin,1.2184744594808945,-37.93388889,145.0505556,0.0,0.0,0.0,1.2184744594808945,0.0
241,"Moorooduc, Victoria",Somerville,6.701821320658541,-38.23444444,145.10027780000001,0.0,0.0,0.0,0.0,6.701821320658541
242,"Mooroolbark, Victoria",Mooroolbark,0.9885850939399335,-37.78333333,145.3013889,0.0,0.0,0.0,0.9885850939399335,0.0
243,"Mordialloc, Victoria",Parkdale,1.1649106433341592,-37.98472222,145.0841667,0.0,0.0,0.0,1.1649106433341592,0.0
244,"Mornington, Victoria",Baxter,9.916700836559102,-38.21777778,145.0511111,0.0,0.0,0.0,0.0,9.916700836559102
245,"Mount Atkinson, Victoria",Watergardens,9.635186098139382,-37.75055556,144.6841667,0.0,0.0,0.0,0.0,9.635186098139382
246,"Mount Eliza, Victoria",Frankston,5.836380483181243,-38.18388889,145.0841667,0.0,0.0,0.0,0.0,5.836380483181243
247,"Mount Evelyn, Victoria",Lilydale,3.4430167003698027,-37.76805556,145.3833333,3.4430167003698027,0.0,0.0,0.0,0.0
248,"Mount Martha, Victoria",Somerville,14.66486410592233,-38.26666667,145.0166667,0.0,0.0,14.66486410592233,0.0,0.0
249,"Mount Waverley, Victoria",Jordanville,0.8657381410041238,-37.8675,145.1180556,0.0,0.0,0.0,0.8657381410041238,0.0
250,"Mulgrave, Victoria",Westall,3.412403965806287,-37.91777778,145.16722219999997,3.412403965806287,0.0,0.0,0.0,0.0
251,"Murrumbeena, Victoria",Murrumbeena,0.6182316478214447,-37.88472222,145.0669444,0.0,0.0,0.0,0.6182316478214447,0.0
252,"Narre Warren East, Victoria",Belgrave,4.76978054409881,-37.95111111,145.3666667,4.76978054409881,0.0,0.0,0.0,0.0
253,"Narre Warren North, Victoria",Hallam,6.164505642322125,-37.96805556,145.3013889,0.0,0.0,0.0,0.0,6.164505642322125
254,"Narre Warren South, Victoria",Narre Warren,2.521797585330032,-38.05027778,145.3002778,2.521797585330032,0.0,0.0,0.0,0.0
255,"Narre Warren, Victoria",Narre Warren,1.2816028145155256,-38.01666667,145.3,0.0,0.0,0.0,1.2816028145155256,0.0
256,"Newport, Victoria",Spotswood,0.4576456230965064,-37.83416667,144.8833333,0.0,0.0,0.0,0.4576456230965064,0.0
257,"Niddrie, Victoria",Glenbervie,3.568104000750847,-37.73444444,144.8836111,3.568104000750847,0.0,0.0,0.0,0.0
258,"Noble Park North, Victoria",Sandown Park,3.083565715608109,-37.93416667,145.1838889,3.083565715608109,0.0,0.0,0.0,0.0
259,"Noble Park, Victoria",Noble Park,0.8572942408890748,-37.96666667,145.1675,0.0,0.0,0.0,0.8572942408890748,0.0
260,"North Warrandyte, Victoria",Eltham,4.732781034379218,-37.7175,145.20138889999998,4.732781034379218,0.0,0.0,0.0,0.0
261,"Northcote, Victoria",Northcote,0.9219009514515571,-37.76722222,144.9847222,0.0,0.0,0.0,0.9219009514515571,0.0
262,"Notting Hill, Victoria",Syndal,2.7426159535846732,-37.90027778,145.1416667,2.7426159535846732,0.0,0.0,0.0,0.0
263,"Nunawading, Victoria",Nunawading,0.9436831793648821,-37.81666667,145.1675,0.0,0.0,0.0,0.9436831793648821,0.0
264,"Oak Park, Victoria",Oak Park,0.45682029224724935,-37.71666667,144.91666669999998,0.0,0.0,0.0,0.45682029224724935,0.0
265,"Oaklands Junction, Victoria",Roxburgh Park,9.240472607558136,-37.61777778,144.8336111,0.0,0.0,0.0,0.0,9.240472607558136
266,"Oakleigh East, Victoria",Holmesglen,1.4262468079433526,-37.88444444,145.1011111,0.0,0.0,0.0,1.4262468079433526,0.0
267,"Oakleigh South, Victoria",Huntingdale,1.745632793310834,-37.91666667,145.0838889,0.0,0.0,0.0,1.745632793310834,0.0
268,"Oakleigh, Victoria",Oakleigh,1.0255105321893425,-37.90111111,145.1,0.0,0.0,0.0,1.0255105321893425,0.0
269,"Officer, Victoria",Officer,1.9497702274359812,-38.05055556,145.40083330000002,0.0,0.0,0.0,1.9497702274359812,0.0
270,"Olinda, Victoria",Boronia,5.981664272738964,-37.85055556,145.3513889,0.0,0.0,0.0,0.0,5.981664272738964
271,"Ormond, Victoria",Kooyong,0.6812745866789873,-37.83388889,145.0338889,0.0,0.0,0.0,0.6812745866789873,0.0
272,"Pakenham, Victoria",Pakenham,1.4953082355294354,-38.06694444,145.4836111,0.0,0.0,0.0,1.4953082355294354,0.0
273,"Park Orchards, Victoria",Mitcham,5.651900239477185,-37.76777778,145.20138889999998,0.0,0.0,0.0,0.0,5.651900239477185
274,"Parkdale, Victoria",Mentone,0.30782670438660475,-37.98388889,145.06777780000002,0.0,0.0,0.0,0.30782670438660475,0.0
275,"Parkville, Victoria",Royal Park,0.2872489897861182,-37.78361111,144.95,0.0,0.0,0.0,0.2872489897861182,0.0
276,"Pascoe Vale South, Victoria",Pascoe Vale,0.634361911741259,-37.73416667,144.9336111,0.0,0.0,0.0,0.634361911741259,0.0
277,"Pascoe Vale, Victoria",Oak Park,1.0999270613107526,-37.7175,144.9341667,0.0,0.0,0.0,1.0999270613107526,0.0
278,"The Patch, Victoria",Belgrave,3.762101015378538,-37.88416667,145.38416669999998,3.762101015378538,0.0,0.0,0.0,0.0
279,"Patterson Lakes, Victoria",Carrum,0.9533867980052451,-38.0675,145.11694440000002,0.0,0.0,0.0,0.9533867980052451,0.0
280,"Pearcedale, Victoria",Somerville,5.784028308116315,-38.20027778,145.2341667,0.0,0.0,0.0,0.0,5.784028308116315
281,"Plumpton, Victoria",Diggers Rest,7.857942866257617,-37.68361111,144.66666669999998,0.0,0.0,0.0,0.0,7.857942866257617
282,"Point Cook, Victoria",Williams Landing,3.408192638948635,-37.90083333,144.75,3.408192638948635,0.0,0.0,0.0,0.0
283,"Port Melbourne, Victoria",Yarraville,1.0046967112053162,-37.81722222,144.9011111,0.0,0.0,0.0,1.0046967112053162,0.0
284,"Portsea, Victoria",Bittern,41.665202052988015,-38.31694444,144.7011111,0.0,41.665202052988015,0.0,0.0,0.0
285,"Prahran, Victoria",Prahran,0.4675017334808151,-37.85,144.9847222,0.0,0.0,0.0,0.4675017334808151,0.0
286,"Preston, Victoria",Preston,0.4942000014729087,-37.73416667,145.00055559999998,0.0,0.0,0.0,0.4942000014729087,0.0
287,"Princes Hill, Victoria",Royal Park,0.21758594058911074,-37.78333333,144.95138889999998,0.0,0.0,0.0,0.21758594058911074,0.0
288,"Research, Victoria",Eltham,2.3008068235612376,-37.70055556,145.1677778,2.3008068235612376,0.0,0.0,0.0,0.0
289,"Reservoir, Victoria",Ruthven,1.0425924795989026,-37.70111111,145.0011111,0.0,0.0,0.0,1.0425924795989026,0.0
290,"Richmond, Victoria",Jolimont,0.19431721993296006,-37.81722222,144.9847222,0.0,0.0,0.0,0.19431721993296006,0.0
291,"Ringwood East, Victoria",Ringwood East,0.5256549304012614,-37.81666667,145.25,0.0,0.0,0.0,0.5256549304012614,0.0
292,"Ringwood North, Victoria",Ringwood,2.025029663533886,-37.8,145.2175,2.025029663533886,0.0,0.0,0.0,0.0
293,"Ringwood, Victoria",Ringwood,1.893584906187386,-37.80111111,145.21805559999999,0.0,0.0,0.0,1.893584906187386,0.0
294,"Ripponlea, Victoria",Balaclava,0.7782696756240298,-37.86777778,144.9847222,0.0,0.0,0.0,0.7782696756240298,0.0
295,"Rosanna, Victoria",Macleod,0.8624570771441848,-37.73361111,145.06666669999998,0.0,0.0,0.0,0.8624570771441848,0.0
296,"Rosebud, Victoria",Bittern,22.84399617356181,-38.35055556,144.91666669999998,0.0,0.0,22.84399617356181,0.0,0.0
297,"Rowville, Victoria",Noble Park,5.181216311600809,-37.93361111,145.21777780000002,0.0,0.0,0.0,0.0,5.181216311600809
298,"Roxburgh Park, Victoria",Craigieburn,2.763656216745169,-37.6175,144.9177778,2.763656216745169,0.0,0.0,0.0,0.0
299,"Rye, Victoria",Bittern,30.22372914930593,-38.3675,144.8336111,0.0,30.22372914930593,0.0,0.0,0.0
300,"Safety Beach, Victoria",Bittern,17.110734843411308,-38.31694444,144.9836111,0.0,0.0,17.110734843411308,0.0,0.0
301,"St Albans, Victoria",Keilor Plains,0.7282468394810928,-37.73361111,144.8002778,0.0,0.0,0.0,0.7282468394810928,0.0
302,"St Andrews Beach, Victoria",Bittern,32.62436797210465,-38.41666667,144.81777780000002,0.0,32.62436797210465,0.0,0.0,0.0
303,"St Helena, Victoria",Diamond Creek,2.4792562585433453,-37.68361111,145.1336111,2.4792562585433453,0.0,0.0,0.0,0.0
304,"St Kilda East, Victoria",Prahran,0.521808908520425,-37.85111111,144.9844444,0.0,0.0,0.0,0.521808908520425,0.0
305,"St Kilda West, Victoria",Prahran,2.0058831624843565,-37.85083333,144.96722219999998,0.0,0.0,0.0,2.0058831624843565,0.0
306,"St Kilda, Victoria",Prahran,1.938841281736446,-37.85138889,144.96805559999999,0.0,0.0,0.0,1.938841281736446,0.0
307,"Sandhurst, Victoria",Lynbrook,4.430054643036145,-38.06805556,145.20055559999997,4.430054643036145,0.0,0.0,0.0,0.0
308,"Sandringham, Victoria",Sandringham,0.2939034091578019,-37.95,145.0011111,0.0,0.0,0.0,0.2939034091578019,0.0
309,"Scoresby, Victoria",Boronia,5.198051960804293,-37.88416667,145.2333333,0.0,0.0,0.0,0.0,5.198051960804293
310,"Seabrook, Victoria",Williams Landing,0.4425870781440693,-37.8675,144.75055559999998,0.0,0.0,0.0,0.4425870781440693,0.0
311,"Seaford, Victoria",Seaford,0.962738173365621,-38.10027778,145.1180556,0.0,0.0,0.0,0.962738173365621,0.0
312,"Seaholme, Victoria",Altona,0.3469184266229792,-37.86666667,144.8338889,0.0,0.0,0.0,0.3469184266229792,0.0
313,"Selby, Victoria",Belgrave,1.3215156120315097,-37.90138889,145.3666667,0.0,0.0,0.0,1.3215156120315097,0.0
314,"Skye, Victoria",Kananook,5.689154078852744,-38.11666667,145.2,0.0,0.0,0.0,0.0,5.689154078852744
315,"Somerton, Victoria",Craigieburn,1.8055913763691758,-37.61805556,144.95,0.0,0.0,0.0,1.8055913763691758,0.0
316,"Somerville, Victoria",Somerville,1.1462297298821156,-38.2175,145.1675,0.0,0.0,0.0,1.1462297298821156,0.0
317,"Sorrento, Victoria",Bittern,38.742169320140874,-38.33388889,144.7338889,0.0,38.742169320140874,0.0,0.0,0.0
318,"South Kingsville, Victoria",Tottenham,1.9756779946291643,-37.81666667,144.8672222,0.0,0.0,0.0,1.9756779946291643,0.0
319,"South Melbourne, Victoria",Southern Cross,1.6743374797216406,-37.83333333,144.9508333,0.0,0.0,0.0,1.6743374797216406,0.0
320,"South Wharf, Victoria",Southern Cross,0.23834964311340828,-37.8175,144.95,0.0,0.0,0.0,0.23834964311340828,0.0
321,"South Yarra, Victoria",South Yarra,0.9190556874475395,-37.83388889,144.9838889,0.0,0.0,0.0,0.9190556874475395,0.0
322,"Southbank, Victoria",Southern Cross,0.1816241916710438,-37.81777778,144.95055559999997,0.0,0.0,0.0,0.1816241916710438,0.0
323,"Spotswood, Victoria",Yarraville,0.5678965945476984,-37.81805556,144.8836111,0.0,0.0,0.0,0.5678965945476984,0.0
324,"Springvale South, Victoria",Sandown Park,1.6449752719038933,-37.9675,145.1505556,0.0,0.0,0.0,1.6449752719038933,0.0
325,"Springvale, Victoria",Westall,1.1332618351451627,-37.93444444,145.15027780000003,0.0,0.0,0.0,1.1332618351451627,0.0
326,"Strathmore Heights, Victoria",Jacana,2.8440480230408793,-37.70111111,144.8844444,2.8440480230408793,0.0,0.0,0.0,0.0
327,"Strathmore, Victoria",Pascoe Vale,1.0576300638394929,-37.73333333,144.9169444,0.0,0.0,0.0,1.0576300638394929,0.0
328,"Strathtulloh, Victoria",Diggers Rest,16.80051930987716,-37.73333333,144.58444440000002,0.0,0.0,16.80051930987716,0.0,0.0
329,"Sunbury, Victoria",Sunbury,2.633460002061251,-37.56805556,144.70138889999998,2.633460002061251,0.0,0.0,0.0,0.0
330,"Sunshine North, Victoria",Ginifer,2.3279735730523137,-37.75055556,144.8347222,2.3279735730523137,0.0,0.0,0.0,0.0
331,"Sunshine West, Victoria",Albion,2.1795605697771583,-37.78444444,144.8013889,2.1795605697771583,0.0,0.0,0.0,0.0
332,"Sunshine, Victoria",Albion,1.1637332859331613,-37.76805556,144.81805559999998,0.0,0.0,0.0,1.1637332859331613,0.0
333,"Surrey Hills, Victoria",Mont Albert,0.47669178642773247,-37.81777778,145.10055559999998,0.0,0.0,0.0,0.47669178642773247,0.0
334,"Sydenham, Victoria",Watergardens,0.6421268558000616,-37.7,144.7666667,0.0,0.0,0.0,0.6421268558000616,0.0
335,"Tarneit Plains, Victoria",Keilor Plains,11.867396052062377,-37.76805556,144.66805559999997,0.0,0.0,11.867396052062377,0.0,0.0
336,"Tarneit, Victoria",Hoppers Crossing,7.854045522759685,-37.81805556,144.6669444,0.0,0.0,0.0,0.0,7.854045522759685
337,"Taylors Hill, Victoria",Watergardens,2.102624600067776,-37.70138889,144.75,2.102624600067776,0.0,0.0,0.0,0.0
338,"Taylors Lakes, Victoria",Watergardens,0.9332818878782684,-37.7,144.7844444,0.0,0.0,0.0,0.9332818878782684,0.0
339,"Tecoma, Victoria",Upwey,0.41813879682545546,-37.90055556,145.3341667,0.0,0.0,0.0,0.41813879682545546,0.0
340,"Templestowe Lower, Victoria",Rosanna,3.246202409323385,-37.75138889,145.1013889,3.246202409323385,0.0,0.0,0.0,0.0
341,"Templestowe, Victoria",Montmorency,4.031089208655563,-37.75027778,145.1333333,4.031089208655563,0.0,0.0,0.0,0.0
342,"The Basin, Victoria",Boronia,1.838958976635617,-37.85083333,145.3013889,0.0,0.0,0.0,1.838958976635617,0.0
343,"Thomastown, Victoria",Lalor,1.4153759564577904,-37.66805556,145.0013889,0.0,0.0,0.0,1.4153759564577904,0.0
344,"Thornbury, Victoria",Thornbury,0.5314187739599163,-37.75083333,145.00055559999998,0.0,0.0,0.0,0.5314187739599163,0.0
345,"Thornhill Park, Victoria",Diggers Rest,13.542479801020242,-37.71777778,144.6175,0.0,0.0,13.542479801020242,0.0,0.0
346,"Toorak, Victoria",Heyington,0.544618865102315,-37.83388889,145.0166667,0.0,0.0,0.0,0.544618865102315,0.0
347,"Tootgarook, Victoria",Bittern,30.124067067391067,-38.36722222,144.8347222,0.0,30.124067067391067,0.0,0.0,0.0
348,"Tottenham, Victoria",Tottenham,1.1332437544620364,-37.80055556,144.85055559999998,0.0,0.0,0.0,1.1332437544620364,0.0
349,"Travancore, Victoria",Moonee Ponds,1.2398398181128742,-37.76777778,144.93333330000002,0.0,0.0,0.0,1.2398398181128742,0.0
350,"Truganina, Victoria",Laverton,5.601760774646066,-37.81666667,144.75,0.0,0.0,0.0,0.0,5.601760774646066
351,"Tullamarine, Victoria",Jacana,4.288708285505171,-37.7,144.8675,4.288708285505171,0.0,0.0,0.0,0.0
352,"Tyabb, Victoria",Tyabb,1.007267134934211,-38.25083333,145.1838889,0.0,0.0,0.0,1.007267134934211,0.0
353,"Upper Ferntree Gully, Victoria",Ferntree Gully,0.5771694188059661,-37.88444444,145.30083330000002,0.0,0.0,0.0,0.5771694188059661,0.0
354,"Upwey, Victoria",Upper Ferntree Gully,1.2283364319909593,-37.90027778,145.31777780000002,0.0,0.0,0.0,1.2283364319909593,0.0
355,"Vermont South, Victoria",Glen Waverley,3.310200775736024,-37.85,145.16805559999997,3.310200775736024,0.0,0.0,0.0,0.0
356,"Vermont, Victoria",Nunawading,1.6223485346579554,-37.83361111,145.18472219999998,0.0,0.0,0.0,1.6223485346579554,0.0
357,"Viewbank, Victoria",Watsonia,1.6138997838745919,-37.71805556,145.1,0.0,0.0,0.0,1.6138997838745919,0.0
358,"Wantirna South, Victoria",Glen Waverley,4.967303442098164,-37.86805556,145.21722219999998,0.0,0.0,0.0,0.0,4.967303442098164
359,"Wantirna, Victoria",Heatherdale,1.7546575228662133,-37.83416667,145.21777780000002,0.0,0.0,0.0,1.7546575228662133,0.0
360,"Warrandyte, Victoria",Eltham,6.489546230343126,-37.73361111,145.21722219999998,0.0,0.0,0.0,0.0,6.489546230343126
361,"Warranwood, Victoria",Croydon,5.0759367423396595,-37.7675,145.2347222,0.0,0.0,0.0,0.0,5.0759367423396595
362,"Waterways, Victoria",Mordialloc,2.7170202769696274,-38.00138889,145.11777780000003,2.7170202769696274,0.0,0.0,0.0,0.0
363,"Watsonia North, Victoria",Watsonia,1.8618978435243487,-37.7,145.06805559999998,0.0,0.0,0.0,1.8618978435243487,0.0
364,"Watsonia, Victoria",Watsonia,1.8214877928760338,-37.70055556,145.06805559999998,0.0,0.0,0.0,1.8214877928760338,0.0
365,"Wattle Glen, Victoria",Wattle Glen,1.8586034042022264,-37.65111111,145.16805559999997,0.0,0.0,0.0,1.8586034042022264,0.0
366,"Weir Views, Victoria",Diggers Rest,16.836828988419295,-37.71777778,144.5669444,0.0,0.0,16.836828988419295,0.0,0.0
367,"Werribee South, Victoria",Werribee,4.315469299175864,-37.93361111,144.68444440000002,4.315469299175864,0.0,0.0,0.0,0.0
368,"Werribee, Victoria",Werribee,0.8552859414738254,-37.9,144.6513889,0.0,0.0,0.0,0.8552859414738254,0.0
369,"West Footscray, Victoria",Tottenham,0.3887045593704148,-37.80083333,144.8672222,0.0,0.0,0.0,0.3887045593704148,0.0
370,"West Melbourne, Victoria",South Kensington,0.7380169119335944,-37.80055556,144.9175,0.0,0.0,0.0,0.7380169119335944,0.0
371,"Westmeadows, Victoria",Broadmeadows,3.545986166380593,-37.66777778,144.88416669999998,3.545986166380593,0.0,0.0,0.0,0.0
372,"Wheelers Hill, Victoria",Glen Waverley,0.7629821027777394,-37.88472222,145.16805559999997,0.0,0.0,0.0,0.7629821027777394,0.0
373,Williams Landing,Williams Landing,2.474458183957594,-37.85055556,144.7338889,2.474458183957594,0.0,0.0,0.0,0.0
374,"Williamstown North, Victoria",North Williamstown,0.8651828647484795,-37.85027778,144.8844444,0.0,0.0,0.0,0.8651828647484795,0.0
375,"Williamstown, Victoria",North Williamstown,0.8364617217894911,-37.85111111,144.8833333,0.0,0.0,0.0,0.8364617217894911,0.0
376,"Windsor, Victoria",Prahran,0.5685600877938957,-37.85027778,144.9836111,0.0,0.0,0.0,0.5685600877938957,0.0
377,"Wollert, Victoria",Craigieburn,6.915281870960583,-37.58444444,145.0180556,0.0,0.0,0.0,0.0,6.915281870960583
378,Wyndham Vale,Werribee,4.177509258664972,-37.88388889,144.61777780000003,4.177509258664972,0.0,0.0,0.0,0.0
379,"Yallambie, Victoria",Watsonia,1.6071581510603117,-37.7175,145.10027780000001,0.0,0.0,0.0,1.6071581510603117,0.0
380,"Yarraville, Victoria",Yarraville,0.5133389935492356,-37.81666667,144.8838889,0.0,0.0,0.0,0.5133389935492356,0.0
